MeasuredtoStation,InteriorAngle,Backsight,Foresight
1,51.383333,216.661728,218.55
2,105.65,185.904176,183.55
3,78.18333333,120.320192,118.198
4,124.7833333,238.718328,237.489
